appId,categories,team_size,total_changes,over_permissions,overages
1,Office,1,40,,0
2,Internet,9,245,,0
4,Wallpaper,2,68,,0
5,Navigation,1,156,,0
8,Office,4,28,"android.permission.READ_EXTERNAL_STORAGE
",1
9,System,2,105,"android.permission.ACCESS_SUPERUSER
",1
10,Navigation,4,102,,0
11,Multimedia,1,3,,0
13,Multimedia,2,77,,0
14,Multimedia,2,33,,0
15,Internet,17,700,"android.permission.ACCESS_MOCK_LOCATION
;android.permission.WRITE_SETTINGS
",2
16,Office,6,96,"android.permission.ACCESS_NETWORK_STATE
",1
17,Office,7,149,"android.permission.WRITE_EXTERNAL_STORAGE
",1
18,Games,2,51,"android.permission.RECORD_AUDIO
",1
19,Multimedia,2,308,,0
21,System,2,16,"android.permission.INTERNET
",1
22,Games,5,2753,"android.permission.GET_ACCOUNTS
",1
23,Internet,5,777,"android.permission.WRITE_SETTINGS
;android.permission.READ_SYNC_STATS
;android.permission.READ_SYNC_SETTINGS
",3
24,Development,1,98,"android.permission.ACCESS_SUPERUSER
",1
25,System,5,12,,0
27,System,1,11,,0
29,Games,3,120,,0
30,System,1,14,,0
31,Internet,1,10,,0
32,Reading,2,44,,0
33,System,1,113,"android.permission.ACCESS_SUPERUSER
",1
35,Phone & SMS,1,4,,0
38,System,2,32,,0
39,Navigation,7,845,"android.permission.ACCESS_WIFI_STATE
",1
40,System,1,40,,0
41,Reading,7,428,"android.permission.ACCESS_WIFI_STATE
",1
42,Internet,1,12,,0
43,System,2,3,,0
44,Office,3,46,"android.permission.WAKE_LOCK
",1
45,Development,18,812,"android.permission.ACCESS_COARSE_UPDATES
;android.permission.BATTERY_STATS
",2
46,Internet,1,8,,0
48,Internet,7,498,,0
51,Science & Education,7,129,"android.permission.CAMERA
;android.permission.DISABLE_KEYGUARD
",2
52,Multimedia,2,4,,0
53,Multimedia,1,53,"android.permission.READ_EXTERNAL_STORAGE
",1
54,Games,3,97,,0
56,System,2,85,"android.permission.ACCESS_SUPERUSER
",1
57,Office,1,2,,0
58,Multimedia,2,133,"android.permission.INTERNET
",1
61,Multimedia,2,314,,0
65,System,2,281,"android.permission.CHANGE_NETWORK_STATE
;android.permission.READ_PHONE_STATE
",2
66,Office,1,6,,0
68,Internet,29,1091,,0
69,System,5,30,"android.permission.WAKE_LOCK
",1
71,Navigation,1,56,,0
73,Games,1,67,,0
74,Games,1,46,,0
75,Phone & SMS,3,69,,0
76,Navigation,3,977,"android.permission.ACCESS_WIFI_STATE
;android.permission.BATTERY_STATS
",2
78,System,1,67,"android.permission.ACCESS_NETWORK_STATE
;android.permission.ACCESS_WIFI_STATE
",2
81,Multimedia,2,23,,0
82,Navigation,2,70,,0
83,System,1,14,,0
85,System,1,4,"android.permission.NFC
;android.permission.INTERNET
;android.permission.READ_EXTERNAL_STORAGE
",3
86,"Science & Education,Children",1,45,,0
87,Internet,1,113,,0
88,System,4,391,"android.permission.ACCESS_SUPERUSER
",1
89,System,1,11,,0
90,System,2,191,"android.permission.ACCESS_SUPERUSER
",1
91,Navigation,1,3,,0
92,Science & Education,3,11,,0
93,Games,9,1279,,0
94,Office,3,22,,0
95,System,1,1,"android.permission.WRITE_SETTINGS
;android.permission.ACCESS_NETWORK_STATE
",2
96,Office,1,40,,0
98,Internet,51,3145,"android.permission.NFC
;android.permission.MANAGE_ACCOUNTS
;android.permission.READ_SYNC_SETTINGS
;android.permission.READ_PROFILE
",4
99,Office,7,1185,,0
100,"Multimedia,Wallpaper",1,1,,0
101,Internet,4,1008,,0
102,Wallpaper,1,40,,0
103,System,1,170,,0
104,Office,5,274,"android.permission.READ_EXTERNAL_STORAGE
;android.permission.ACCESS_WIFI_STATE
",2
107,Games,2,100,,0
108,Science & Education,3,21,"android.permission.MODIFY_PHONE_STATE
",1
109,System,1,33,,0
110,Office,13,274,"android.permission.RECEIVE_BOOT_COMPLETED
;android.permission.READ_SYNC_STATS
;android.permission.READ_SYNC_SETTINGS
",3
111,Multimedia,49,2898,"android.permission.FLASHLIGHT
",1
112,System,1,235,,0
113,Science & Education,3,14,"android.permission.ACCESS_WIFI_STATE
",1
114,System,7,65,,0
115,Science & Education,5,94,"android.permission.ACCESS_LOCATION_EXTRA_COMMANDS
;android.permission.ACCESS_MOCK_LOCATION
;android.permission.CONTROL_LOCATION_UPDATES
",3
118,System,1,3,,0
119,System,2,4,"android.permission.CHANGE_NETWORK_STATE
",1
120,Office,7,123,,0
121,Multimedia,2,6,,0
123,Navigation,4,52,,0
124,Office,6,179,,0
125,Wallpaper,1,8,,0
126,Multimedia,2,31,,0
127,Office,1,21,,0
128,Wallpaper,2,5,,0
130,Office,2,495,"android.permission.READ_EXTERNAL_STORAGE
",1
131,Navigation,3,386,"android.permission.ACCESS_LOCATION_EXTRA_COMMANDS
",1
132,Games,2,39,,0
133,System,1,83,,0
134,Science & Education,5,1642,,0
135,Multimedia,3,133,,0
136,Wallpaper,1,4,,0
137,System,7,175,,0
138,Office,1,39,"android.permission.WAKE_LOCK
",1
139,Internet,1,184,,0
140,Wallpaper,3,166,,0
141,Navigation,3,121,,0
142,Internet,7,216,"android.permission.READ_EXTERNAL_STORAGE
;android.permission.SYSTEM_ALERT_WINDOW
;android.permission.BLUETOOTH
;android.permission.BROADCAST_STICKY
",4
143,Multimedia,1,3,,0
144,Multimedia,20,845,,0
146,Security,2,8,,0
147,System,2,65,"android.permission.ACCESS_NETWORK_STATE
",1
148,Navigation,1,31,,0
150,Games,2,28,"android.permission.ACCESS_NETWORK_STATE
",1
151,System,25,1883,"android.permission.READ_PHONE
;android.permission.READ_EXTERNAL_STORAGE
;android.permission.READ_CALL_LOG
;android.permission.WRITE_CALL_LOG
;android.permission.ACCESS_NETWORK_STATE
",5
152,System,3,117,,0
155,Office,1,4,,0
156,"Office,Navigation",4,892,"android.permission.ACCESS_LOCATION_EXTRA_COMMANDS
;android.permission.CAMERA
;android.permission.ACCESS_WIFI_STATE
;android.permission.ACCESS_MOCK_LOCATION
",4
157,Games,2,59,,0
158,Office,1,4,"android.permission.NFC
",1
160,Games,1,12,,0
161,Games,139,11624,"android.permission.READ_EXTERNAL_STORAGE
;android.permission.INTERNET
",2
162,Office,1,6,,0
165,System,1,135,,0
166,Internet,2,3,,0
167,Multimedia,12,248,"android.permission.READ_EXTERNAL_STORAGE
",1
168,Science & Education,2,16,,0
169,Games,1,13,,0
170,Navigation,1,6,,0
171,Multimedia,2,89,,0
173,"Office,Science & Education",1,9,,0
174,Reading,2,76,"android.permission.WRITE_EXTERNAL_STORAGE
",1
176,Internet,4,814,"android.permission.ACCESS_NETWORK_STATE
;android.permission.ACCESS_WIFI_STATE
;android.permission.CHANGE_NETWORK_STATE
;android.permission.CHANGE_WIFI_MULTICAST_STATE
;android.permission.CHANGE_WIFI_STATE
;android.permission.INTERNET
;android.permission.SET_WALLPAPER
;android.permission.VIBRATE
;android.permission.WAKE_LOCK
;android.permission.WRITE_EXTERNAL_STORAGE
;android.permission.WRITE_SETTINGS
;android.permission.READ_PHONE_STATE
",12
177,Office,2,55,"android.permission.WRITE_EXTERNAL_STORAGE
",1
179,Reading,5,26,"android.permission.SYSTEM_ALERT_WINDOW
",1
181,Science & Education,1,6,,0
182,System,6,270,,0
183,Internet,31,903,"android.permission.INTERNET
",1
184,Office,8,197,,0
186,"Office,Reading",1,20,,0
187,System,1,40,"android.permission.SYSTEM_ALERT_WINDOW
",1
188,Phone & SMS,18,890,,0
189,System,19,1093,"android.permission.READ_PHONE_STATE
;android.permission.DEVICE_POWER
;android.permission.GET_TASKS
;android.permission.BLUETOOTH
;android.permission.ACCESS_SUPERUSER
",5
190,System,3,76,"android.permission.ACCESS_NETWORK_STATE
;android.permission.ACCESS_WIFI_STATE
",2
191,Multimedia,1,5,,0
192,Science & Education,5,202,"android.permission.ACCESS_LOCATION_EXTRA_COMMANDS
",1
193,Development,1,44,,0
194,Office,4,134,,0
195,Multimedia,1,422,"android.permission.ACCESS_PROVIDER
",1
196,Internet,6,376,,0
197,Office,6,64,"android.permission.CAMERA
",1
198,Phone & SMS,1,45,"android.permission.ACCESS_NETWORK_STATE
;android.permission.CHANGE_NETWORK_STATE
",2
199,Games,1,14,,0
200,Internet,1,24,"android.permission.INTERNET
",1
201,Internet,5,64,"android.permission.ACCESS_SUPERUSER
;android.permission.WRITE_EXTERNAL_STORAGE
",2
203,":Games,Mathematics",4,35,"android.permission.WRITE_EXTERNAL_STORAGE
",1
204,"Security,Internet",2,12,,0
205,Internet,2,7,,0
206,Multimedia,1,82,,0
207,System,2,68,,0
208,Office,2,14,,0
209,Office,8,1967,,0
210,Navigation,1,49,"android.permission.ACCESS_MOCK_LOCATION
",1
211,Reading,4,77,"android.permission.ACCESS_WIFI_STATE
",1
213,System,2,8,"android.permission.READ_PHONE_STATE
",1
215,Multimedia,2,40,"android.permission.READ_EXTERNAL_STORAGE
",1
216,Navigation,1,5,,0
217,System,4,117,"android.permission.NFC
",1
218,Office,4,117,,0
219,Internet,6,35,"android.permission.GET_ACCOUNTS
",1
221,System,4,218,"android.permission.ACCESS_SUPERUSER
",1
222,Multimedia,5,163,"android.permission.READ_EXTERNAL_STORAGE
",1
224,Multimedia,1,63,,0
227,Office,2,29,,0
228,Internet,5,533,"android.permission.READ_SYNC_SETTINGS
;android.permission.USE_CREDENTIALS
",2
229,Office,1,30,,0
230,Games,10,518,,0
231,System,1,37,"android.permission.ACCESS_SUPERUSER
",1
232,Internet,39,1138,"android.permission.READ_EXTERNAL_STORAGE
;android.permission.READ_PROFILE
",2
233,Office,1,12,,0
234,Internet,9,969,"android.permission.READ_EXTERNAL_STORAGE
",1
235,Navigation,3,67,"android.permission.ACCESS_LOCATION_EXTRA_COMMANDS
;android.permission.COARSE_FINE_LOCATION
",2
236,System,2,57,,0
237,Multimedia,30,1574,,0
238,Office,5,72,"android.permission.INTERNET
",1
240,Multimedia,1,13,,0
241,Security,1,93,"android.permission.READ_EXTERNAL_STORAGE
",1
242,System,1,24,,0
244,"Office,Science & Education",1,5,,0
245,Games,1,3,,0
246,System,14,92,,0
248,Games,6,1219,,0
250,Navigation,1,31,,0
251,"Internet,Security",6,106,"android.permission.WRITE_EXTERNAL_STORAGE
",1
252,Office,1,1,,0
253,Games,1,6,,0
254,Navigation,1,32,"android.permission.ACCESS_LOCATION
;android.permission.INTERNET
;android.permission.ACCESS_NETWORK_STATE
;android.permission.WRITE_EXTERNAL_STORAGE
",4
255,Security,3,113,,0
256,Office,17,714,,0
257,Development,2,39,"android.permission.ACCESS_WIFI_STATE
",1
262,System,3,12,"android.permission.NFC
",1
264,Navigation,33,443,"android.permission.CHANGE_NETWORK_STATE
;android.permission.READ_SYNC_SETTINGS
",2
265,Games,175,14123,"android.permission.READ_EXTERNAL_STORAGE
;android.permission.ACCESS_NETWORK_STATE
;android.permission.INTERNET
",3
268,System,1,8,,0
269,"System,Security",5,472,"android.permission.ACCESS_SUPERUSER
",1
271,Development,7,448,"android.permission.ACCESS_SUPERUSER
;android.permission.READ_EXTERNAL_STORAGE
",2
273,Games,4,65,,0
274,Internet,23,909,,0
275,Office,2,75,"android.permission.INTERNET
",1
277,Development,22,1125,"android.permission.ACCESS_NETWORK_STATE
",1
279,System,2,76,"android.permission.NFC
",1
280,Games,7,37,,0
281,Office,1,5,,0
282,Navigation,1,14,"android.permission.ACCESS_MOCK_LOCATION
",1
283,Navigation,2,486,"android.permission.ACCESS_MOCK_LOCATION
",1
284,Science & Education,2,3,,0
288,Multimedia,3,37,,0
291,Office,2,24,,0
292,Office,1,47,,0
293,Multimedia,4,25,,0
294,System,9,1929,,0
295,Internet,7,289,,0
296,System,1,1,,0
298,Navigation,1,3,,0
299,Games,3,53,,0
300,Wallpaper,2,50,,0
301,System,1,11,,0
303,Games,1,76,,0
305,Office,33,1086,,0
306,System,2,136,,0
308,Office,4,153,"android.permission.ACCESS_WIFI_STATE
",1
309,"Office,System",4,45,,0
310,Internet,4,78,,0
312,Office,1,49,,0
313,Office,10,311,"android.permission.READ_EXTERNAL_STORAGE
",1
314,Games,1,4,,0
315,System,8,435,"android.permission.DISABLE_KEYGUARD
;android.permission.INTERNET
",2
316,Office,10,56,,0
317,Internet,153,5144,,0
318,Internet,8,304,,0
319,Phone & SMS,1,6,,0
320,Multimedia,2,77,"android.permission.ACCESS_NETWORK_STATE
;android.permission.ACCESS_WIFI_STATE
;android.permission.WAKE_LOCK
",3
321,Internet,3,25,,0
323,Multimedia,5,94,"android.permission.READ_EXTERNAL_STORAGE
",1
324,Science & Education,1,16,,0
325,Wallpaper,4,98,,0
326,Internet,2,268,"android.permission.USE_CREDENTIALS
;android.permission.READ_SYNC_SETTINGS
;android.permission.READ_SOCIAL_STREAM
;android.permission.WRITE_SOCIAL_STREAM
;android.permission.ACCESS_COARSE_LOCATION
;android.permission.READ_EXTERNAL_STORAGE
",6
327,Security,2,10,"android.permission.WRITE_EXTERNAL_STORAGE
;android.permission.ACCESS_SUPERUSER
",2
328,Office,6,1156,"android.permission.NFC
",1
329,Multimedia,1,4,"android.permission.READ_EXTERNAL_STORAGE
;android.permission.WRITE_EXTERNAL_STORAGE
",2
330,Reading,6,1679,"android.permission.NFC
",1
332,Internet,1,13,,0
333,Development,2,186,,0
334,Internet,17,812,"android.permission.CAMERA
;android.permission.ACCESS_LOCATION_EXTRA_COMMANDS
",2
335,Development,3,258,"android.permission.INTERNET
",1
336,System,1,42,"android.permission.INTERNET
;android.permission.READ_EXTERNAL_STORAGE
;android.permission.WRITE_EXTERNAL_STORAGE
;android.permission.ACCESS_SUPERUSER
",4
337,Science & Education,2,171,,0
338,Games,2,239,,0
339,Reading,21,666,,0
340,System,1,98,,0
341,Games,6,51,,0
342,Reading,1,379,,0
343,Games,8,1476,,0
344,Internet,1,56,,0
345,Reading,13,712,"android.permission.NFC
",1
346,Multimedia,1,29,,0
348,Internet,5,33,,0
349,Games,2,310,,0
350,Phone & SMS,30,657,"android.permission.PROCESS_OUTGOING_CALLS
;android.permission.RECEIVE_BOOT_COMPLETED
;android.permission.GET_ACCOUNTS
;android.permission.RECEIVE_SMS
",4
351,Multimedia,2,438,,0
352,Office,1,7,,0
355,System,1,10,,0
356,Science & Education,1,2,,0
357,Navigation,4,54,,0
358,Office,5,172,"android.permission.ACCESS_NETWORK_STATE
",1
359,System,1,2,,0
360,Science & Education,1,458,,0
362,Office,29,569,,0
363,":News,Multimedia",2,12,,0
364,Multimedia,5,302,"android.permission.WRITE_SETTINGS
",1
365,"Office,Science & Education",1,11,,0
369,System,4,70,"android.permission.MODIFY_AUDIO_SETTINGS
",1
370,Navigation,3,150,"android.permission.ACCESS_COARSE_LOCATION
;android.permission.ACCESS_FINE_LOCATION
",2
371,Reading,16,85,"android.permission.ACCESS_MOCK_LOCATION
;android.permission.ACCESS_NETWORK_STATE
;android.permission.BLUETOOTH
;android.permission.RECEIVE_BOOT_COMPLETED
",4
373,Internet,19,372,"android.permission.READ_EXTERNAL_STORAGE
",1
374,Development,7,126,,0
375,Multimedia,2,92,,0
376,Development,8,888,,0
377,Navigation,1,18,,0
381,Office,1,30,,0
383,Internet,11,272,"android.permission.CHANGE_WIFI_STATE
",1
384,System,1,26,,0
387,Office,1,29,"android.permission.VIBRATE
",1
388,Office,5,507,,0
389,Office,1,4,,0
390,Games,2,76,,0
391,Office,1,905,,0
392,Internet,2,26,,0
393,Navigation,1,1,,0
397,Science & Education,9,462,,0
398,Internet,9,154,"android.permission.READ_CALENDAR
;android.permission.WRITE_CALENDAR
",2
399,Office,2,45,,0
400,Wallpaper,1,31,,0
401,Office,1,16,,0
405,Navigation,4,52,,0
407,Internet,5,383,"android.permission.NFC
",1
408,Multimedia,4,31,,0
409,Office,15,236,"android.permission.READ_EXTERNAL_STORAGE
",1
410,Multimedia,13,142,"android.permission.RECORD_AUDIO
",1
411,Science & Education,2,331,,0
412,"Internet,Security",2,38,,0
413,Multimedia,65,233,"android.permission.READ_PHONE_STATE
;android.permission.GET_TASKS
",2
415,Security,4,33,,0
416,System,1,36,,0
417,Security,2,10,,0
418,Office,3,5,"android.permission.DISABLE_KEYGUARD
",1
419,Games,3,14,"android.permission.FULLSCREEN
",1
420,Office,1,9,,0
421,Wallpaper,5,59,,0
422,Games,80,13741,"android.permission.READ_EXTERNAL_STORAGE
",1
423,Internet,4,106,,0
424,Multimedia,3,11,"android.permission.SET_WALLPAPER_HINTS
",1
425,Office,1,4,,0
428,Office,3,105,"android.permission.NFC
",1
429,Development,1,2,,0
430,Office,1,29,,0
431,Games,1,4,,0
432,System,1,3,,0
433,"Security,Internet",53,6429,,0
434,Office,2,52,,0
435,Navigation,2,10,"android.permission.WRITE_MEDIA_STORAGE
;android.permission.STORAGE
",2
436,Office,3,93,"android.permission.WAKE_LOCK
;android.permission.ACCESS_WIFI_STATE
;android.permission.READ_EXTERNAL_STORAGE
",3
437,Internet,1,122,"android.permission.ACCESS_WIFI_STATE
",1
438,System,1,10,,0
439,Science & Education,6,37,"android.permission.ACCESS_WIFI_STATE
",1
440,Office,2,24,,0
441,Multimedia,1,16,,0
442,Office,11,1131,"android.permission.ACCESS_WIFI_STATE
;android.permission.PERSISTENT_ACTIVITY
;android.permission.READ_CALENDAR
;android.permission.SYSTEM_ALERT_WINDOW
;android.permission.WRITE_CALENDAR
;android.permission.MANAGE_ACCOUNTS
;android.permission.READ_SYNC_SETTINGS
;android.permission.WRITE_SYNC_SETTINGS
",8
443,Science & Education,3,159,,0
444,Games,12,1438,,0
445,Science & Education,1,150,"android.permission.ACCESS_NETWORK_STATE
",1
446,Development,2,73,"android.permission.READ_EXTERNAL_STORAGE
",1
447,Navigation,10,270,"android.permission.ACCESS_MOCK_LOCATION
",1
448,Office,2,8,,0
449,Office,9,272,"android.permission.READ_EXTERNAL_STORAGE
;android.permission.ACCESS_SUPERUSER
",2
450,Science & Education,2,48,,0
451,Office,2,11,,0
452,Office,1,2,"android.permission.READ_EXTERNAL_STORAGE
",1
453,Navigation,4,242,"android.permission.ACCESS_WIFI_STATE
",1
454,Multimedia,1,4,,0
455,Internet,2,38,,0
456,Office,2,13,,0
457,Internet,4,52,,0
458,Games,2,12,"android.permission.WRITE_EXTERNAL_STORAGE
",1
459,Navigation,6,351,"android.permission.ACCESS_NETWORK_STATE
",1
460,Science & Education,2,91,"android.permission.READ_EXTERNAL_STORAGE
",1
461,Games,3,43,,0
462,Navigation,2,267,"android.permission.WAKE_LOCK
;android.permission.ACCESS_WIFI_STATE
",2
463,Games,29,3016,,0
464,Office,1,76,,0
467,Navigation,177,28776,"android.permission.WRITE_EXTERNAL_STORAGE
;android.permission.READ_LOGS
",2
468,System,1,37,,0
469,Navigation,2,17,,0
470,Internet,45,888,,0
471,Wallpaper,1,55,,0
473,System,9,1329,"android.permission.MOUNT_UNMOUNT_FILESYSTEMS
",1
474,System,25,1538,"android.permission.NFC
",1
475,Office,1,1,,0
476,Internet,4,395,,0
477,Office,3,205,,0
478,Games,1,92,"android.permission.READ_EXTERNAL_STORAGE
",1
479,Phone & SMS,14,760,"android.permission.READ_PHONE_STATE
;android.permission.GET_TASKS
",2
480,System,1,8,,0
481,Multimedia,4,38,,0
482,Internet,7,53,,0
486,System,52,708,"android.permission.MOUNT_UNMOUNT_FILESYSTEMS
;android.permission.ACCESS_SUPERUSER
;android.permission.NFC
",3
488,Phone & SMS,2,23,,0
490,System,5,326,,0
491,Internet,44,1098,,0
493,Science & Education,2,42,,0
494,Internet,1,3,,0
495,Reading,12,1441,,0
496,Internet,5,1654,"android.permission.USE_CREDENTIALS
;android.permission.READ_SYNC_SETTINGS
",2
497,Internet,16,908,,0
498,Internet,2,155,,0
499,Security,5,322,"android.permission.READ_SYNC_SETTINGS
",1
501,Internet,2,17,,0
502,Phone & SMS,21,1536,,0
503,Security,69,612,"android.permission.ACCESS_SUPERUSER
",1
505,Multimedia,1,357,,0
508,Games,1,10,"android.permission.INTERNET
;android.permission.ACCESS_NETWORK_STATE
",2
510,System,3,40,"android.permission.NFC
;android.permission.READ_EXTERNAL_STORAGE
",2
511,System,1,50,"android.permission.NFC
",1
513,Games,1,10,,0
517,Multimedia,1,20,,0
519,Internet,1,3,,0
520,Multimedia,6,130,"android.permission.WAKE_LOCK
",1
522,Office,29,468,,0
523,"Science & Education,Development",3,149,,0
526,Navigation,1,72,"android.permission.USB_PERMISSION
;android.permission.ACCESS_WIFI_STATE
",2
527,System,1,6,,0
528,Internet,27,2265,"android.permission.WRITE_SETTINGS
;android.permission.READ_SYNC_STATS
;android.permission.READ_SYNC_SETTINGS
;android.permission.WRITE_SYNC_SETTINGS
;android.permission.READ_PHONE_STATE
",5
529,Office,1,2,,0
530,Games,1,20,,0
531,Wallpaper,1,22,,0
532,Games,1,8,,0
535,Reading,4,105,,0
538,"Multimedia,Wallpaper",2,30,"android.permission.INTERNET
",1
539,Internet,2,27,,0
540,Office,3,94,,0
541,Security,1,2,,0
543,Office,2,97,"android.permission.READ_EXTERNAL_STORAGE
",1
544,Development,2,92,"android.permission.VIBRATE
",1
545,Office,2,45,,0
546,Games,1,1,,0
547,System,1,12,,0
548,Office,5,106,,0
549,Office,6,162,,0
551,Wallpaper,4,12,,0
552,"Multimedia,Office",2,5,,0
553,System,1,48,"android.permission.BIND_INPUT_METHOD
",1
554,Navigation,1,3,,0
555,Internet,1,7,"android.permission.ACCESS_NETWORK_STATE
",1
556,Wallpaper,5,205,"android.permission.READ_EXTERNAL_STORAGE
",1
557,System,1,3,,0
558,Internet,4,54,,0
559,Science & Education,1,23,,0
560,Office,1,9,,0
561,Office,1,13,"android.permission.SYSTEM_ALERT_WINDOW
;android.permission.RECEIVE_BOOT_COMPLETED
;android.permission.READ_EXTERNAL_STORAGE
",3
562,Internet,1,22,,0
563,Development,3,34,,0
565,"Office,Science & Education",1,7,,0
567,Science & Education,4,109,"android.permission.INTERNET
;android.permission.READ_PHONE_STATE
;android.permission.ACCESS_NETWORK_STATE
;android.permission.ACCESS_WIFI_STATE
;android.permission.WRITE_EXTERNAL_STORAGE
;android.permission.RECEIVE_BOOT_COMPLETED
;android.permission.ACCESS_COARSE_LOCATION
",7
569,System,2,52,,0
572,Wallpaper,1,3,,0
573,Office,7,121,"android.permission.READ_CALENDAR
;android.permission.WRITE_CALENDAR
",2
574,Reading,1,17,,0
575,System,1,12,,0
576,"Multimedia,Wallpaper",1,2,,0
577,Office,1,135,,0
578,Internet,18,832,,0
580,Multimedia,1,22,,0
583,Science & Education,2,541,,0
584,Office,2,27,,0
586,Phone & SMS,2,13,"android.permission.WRITE_SECURE_SETTINGS
",1
587,Office,1,12,,0
588,System,1,13,"android.permission.ACCESS_SUPERUSER
",1
589,Internet,2,2,,0
591,Office,1,327,,0
593,Office,3,31,,0
594,"Multimedia,Wallpaper",1,10,"android.permission.READ_EXTERNAL_STORAGE
",1
595,Office,1,2,"android.permission.NFC
",1
596,Office,1,10,,0
597,System,1,37,"android.permission.ACCESS_SUPERUSER
",1
599,System,8,77,,0
601,Navigation,3,10,"android.permission.READ_EXTERNAL_STORAGE
",1
602,Internet,7,462,"android.permission.ACCESS_SUPERUSER
",1
603,Multimedia,2,61,"android.permission.ACCESS_NETWORK_STATE
",1
604,Games,2,15,,0
605,Office,3,154,"android.permission.READ_EXTERNAL_STORAGE
",1
606,Internet,4,49,"android.permission.WRITE_EXTERNAL_STORAGE
",1
610,System,4,96,,0
612,System,1,12,"android.permission.READ_EXTERNAL_STORAGE
;android.permission.CHANGE_NETWORK_STATE
;android.permission.SYSTEM_ALERT_WINDOW
",3
613,System,1,33,"android.permission.ACCESS_SUPERUSER
",1
615,Games,2,19,"android.permission.WRITE_EXTERNAL_STORAGE
",1
616,Office,2,4,"android.permission.INTERNET
",1
617,Office,11,458,"android.permission.NFC
",1
619,Multimedia,2,113,,0
621,Office,6,220,,0
622,Science & Education,2,98,,0
623,System,2,340,"android.permission.ACCESS_SUPERUSER
",1
624,"Internet,Office",1,37,,0
626,Multimedia,3,11,,0
627,Science & Education,1,9,,0
629,Wallpaper,1,35,,0
630,Games,1,5,,0
631,Reading,4,162,"android.permission.WRITE_EXTERNAL_STORAGE
",1
636,Reading,4,73,"android.permission.ACCESS_NETWORK_STATE
",1
638,Internet,2,112,,0
641,Wallpaper,2,49,"android.permission.BIND_WALLPAPER
;android.permission.INTERNET
;android.permission.ACCESS_NETWORK_STATE
",3
643,Games,1,2,"android.permission.WRITE_EXTERNAL_STORAGE
",1
644,Office,5,45,,0
646,Multimedia,2,234,"android.permission.ACCESS_NETWORK_STATE
",1
647,Internet,3,60,,0
648,Office,1,104,,0
650,Internet,1,6,,0
651,System,1,15,,0
652,Games,1,15,,0
653,System,21,998,"android.permission.WRITE_SETTINGS
;android.permission.ACCESS_SUPERUSER
",2
654,System,1,89,"android.permission.INTERNET
;android.permission.ACCESS_SUPERUSER
",2
656,Multimedia,1,3,"android.permission.INTERNET
",1
657,Wallpaper,1,27,,0
658,Office,1,58,,0
659,Phone & SMS,2,17,"android.permission.READ_CALL_LOG
",1
661,Office,2,14,,0
663,Multimedia,36,499,,0
665,System,2,91,"android.permission.BIND_INPUT_METHOD
",1
666,Games,3,56,,0
667,Navigation,5,191,"android.permission.ACCESS_LOCATION_EXTRA_COMMANDS
",1
669,Reading,1,127,,0
670,"Games,Multimedia",3,8,"android.permission.READ_EXTERNAL_STORAGE
",1
671,Games,3,132,,0
674,Office,2,20,,0
676,Reading,2,136,,0
677,Office,8,154,,0
678,System,2,190,,0
679,System,5,13,,0
680,Development,2,89,,0
681,Multimedia,28,894,"android.permission.WRITE_EXTERNAL_STORAGE
",1
682,Office,6,180,,0
684,Office,26,5565,"android.permission.READ_CALL_LOG
",1
685,Science & Education,1,17,,0
687,Reading,1,57,,0
688,Internet,2,51,,0
691,Games,1,49,,0
693,Games,1,7,,0
695,Internet,1,6,,0
696,Office,1,78,"android.permission.READ_EXTERNAL_STORAGE
",1
697,Science & Education,1,331,,0
698,Office,5,38,,0
699,Wallpaper,1,13,,0
702,Office,2,63,,0
703,Office,4,174,"android.permission.READ_EXTERNAL_STORAGE
",1
704,System,2,4,,0
705,System,2,26,,0
706,Office,2,6,,0
708,Multimedia,15,933,,0
709,Wallpaper,2,8,,0
710,System,76,888,"android.permission.INTERNET
;android.permission.READ_EXTERNAL_STORAGE
;android.permission.ACCESS_SUPERUSER
",3
711,Reading,18,954,"android.permission.VIBRATE
",1
713,System,2,10,"android.permission.READ_EXTERNAL_STORAGE
",1
714,System,1,78,,0
715,System,1,76,"android.permission.ACCESS_SUPERUSER
;android.permission.FLASHLIGHT
;android.permission.GET_ACCOUNTS
;android.permission.READ_CALL_LOG
;android.permission.READ_EXTERNAL_STORAGE
;android.permission.WAKE_LOCK
",6
716,Science & Education,2,148,,0
719,Multimedia,4,34,,0
720,Development,6,333,"android.permission.ACCESS_SUPERUSER
",1
721,Office,7,3576,,0
724,System,53,1447,"android.permission.DISABLE_KEYGUARD
;android.permission.READ_EXTERNAL_STORAGE
",2
725,Office,2,15,,0
726,Games,1,30,,0
729,Games,7,93,"android.permission.CHANGE_WIFI_STATE
;android.permission.ACCESS_WIFI_STATE
;android.permission.MOUNT_FORMAT_FILESYSTEMS
",3
730,System,2,1236,,0
732,System,2,112,,0
734,Science & Education,91,4972,,0
735,Development,65,2369,"android.permission.READ_SYNC_SETTINGS
;android.permission.READ_SYNC_STATS
",2
738,"Security,Internet",15,1028,"android.permission.ACCESS_SUPERUSER
",1
739,"Security,Internet",2,297,,0
741,Science & Education,4,74,,0
742,Phone & SMS,10,997,,0
746,Office,16,1818,,0
747,Games,2,97,,0
749,Internet,4,240,,0
750,System,1,3,,0
751,Office,3,33,"android.permission.READ_EXTERNAL_STORAGE
",1
752,Multimedia,2,260,,0
753,Multimedia,1,23,"android.permission.SET_WALLPAPER
",1
754,System,3,109,,0
755,System,3,66,"android.permission.SYSTEM_ALERT_WINDOW
",1
757,Office,1,22,,0
758,Games,1,73,"android.permission.ACCESS_NETWORK_STATE
",1
759,Internet,2,15,,0
761,Internet,2,230,"android.permission.INTERNET
;android.permission.ACCESS_SUPERUSER
",2
763,Games,1,48,,0
764,Internet,2,76,,0
765,Multimedia,9,411,"android.permission.ACCESS_WIFI_STATE
;android.permission.READ_EXTERNAL_STORAGE
",2
766,Development,1,355,,0
767,Navigation,2,37,"android.permission.ACCESS_LOCATION_EXTRA_COMMANDS
",1
768,System,11,256,,0
769,System,7,96,,0
770,Navigation,1,8,"android.permission.NFC
",1
771,Internet,23,187,"android.permission.READ_EXTERNAL_STORAGE
",1
774,Science & Education,2,477,,0
776,System,2,94,"android.permission.READ_PHONE_STATE
",1
778,Internet,16,878,"android.permission.ACCESS_WIFI_STATE
;android.permission.READ_EXTERNAL_STORAGE
",2
779,Multimedia,76,6433,"android.permission.ACCESS_WIFI_STATE
;android.permission.BIND_WALLPAPER
;android.permission.CHANGE_WIFI_STATE
;android.permission.GET_ACCOUNTS
;android.permission.INTERNET
;android.permission.MANAGE_ACCOUNTS
;android.permission.NFC
;android.permission.READ_SYNC_SETTINGS
;android.permission.SUBSCRIBED_FEEDS_READ
;android.permission.SUBSCRIBED_FEEDS_WRITE
;android.permission.USE_CREDENTIALS
;android.permission.VIBRATE
;android.permission.WRITE_SETTINGS
;android.permission.WRITE_SYNC_SETTINGS
",14
780,"Office,Internet",1,51,,0
782,System,1,15,"android.permission.ACCESS_SUPERUSER
",1
784,Games,1,3,,0
785,System,1,5,,0
786,Internet,1,1581,"android.permission.ACCESS_WIFI_STATE
;android.permission.NFC
",2
787,System,18,2048,"android.permission.CAMERA
",1
789,Multimedia,3,69,,0
790,Games,1,12,"android.permission.WAKE_LOCK
;android.permission.WRITE_EXTERNAL_STORAGE
",2
791,Reading,34,4052,,0
792,Reading,9,1915,,0
793,Office,2,86,"android.permission.READ_EXTERNAL_STORAGE
",1
794,Multimedia,2,136,"android.permission.BROADCAST_STICKY
",1
795,Navigation,1,6,,0
798,Office,4,36,,0
799,Science & Education,2,44,,0
800,System,90,23544,"android.permission.DOWNLOAD_WITHOUT_NOTIFICATION
;android.permission.READ_PROFILE
",2
801,Office,2,27,,0
802,Office,6,443,,0
803,Games,1,10,,0
804,System,3,5,"android.permission.CHANGE_WIFI_STATE
;android.permission.INSTALL_PACKAGES
;android.permission.DELETE_PACKAGES
",3
805,Wallpaper,1,38,,0
806,Office,3,36,,0
808,Multimedia,2,7,,0
809,System,1,79,"android.permission.READ_EXTERNAL_STORAGE
",1
810,Office,1,18,,0
811,Multimedia,4,20,,0
812,Science & Education,1,8,,0
813,Internet,1,3,"android.permission.WRITE_SETTINGS
",1
815,Wallpaper,8,80,"android.permission.ACCESS_WIFI_STATE
",1
817,Multimedia,55,875,"android.permission.SYSTEM_ALERT_WINDOW
;android.permission.INTERNET
;android.permission.READ_PHONE_STATE
;android.permission.BROADCAST_STICKY
",4
818,Reading,40,9476,"android.permission.READ_EXTERNAL_STORAGE
",1
819,Multimedia,1,1,,0
824,Internet,3,18,,0
825,Office,8,1761,"android.permission.ACCESS_NETWORK_STATE
;android.permission.USE_CREDENTIALS
;android.permission.WRITE_SETTINGS
;android.permission.READ_SYNC_STATS
;android.permission.READ_SYNC_SETTINGS
;android.permission.MANAGE_DOCUMENTS
",6
826,Games,1,23,,0
827,Games,1,19,,0
828,Office,1,91,,0
830,System,2,152,,0
831,Internet,1,26,,0
832,"Development,System",1,16,,0
833,System,2,66,"android.permission.READ_EXTERNAL_STORAGE
",1
834,"Office,Internet,Security",1,55,,0
835,Multimedia,1,15,,0
836,Office,11,238,"android.permission.READ_CALENDAR
",1
840,Internet,9,194,"android.permission.ACCESS_WIFI_STATE
;android.permission.READ_EXTERNAL_STORAGE
;android.permission.CAMERA
;android.permission.READ_PROFILE
;android.permission.WRITE_SYNC_SETTINGS
;android.permission.READ_SYNC_SETTINGS
;android.permission.SYSTEM_ALERT_WINDOW
;android.permission.READ_PHONE_STATE
",8
841,Science & Education,1,5,,0
842,Phone & SMS,18,1680,"android.permission.RECORD_AUDIO
;android.permission.PROCESS_OUTGOING_CALLS
;android.permission.CALL_PHONE
;android.permission.BROADCAST_STICKY
",4
843,Internet,5,36,"android.permission.READ_EXTERNAL_STORAGE
",1
844,Navigation,1,14,,0
847,System,1,59,,0
850,Internet,6,42,,0
851,Multimedia,1,149,,0
853,Office,1,21,,0
854,Navigation,11,791,,0
855,Office,2,84,,0
856,"Internet,Office",1,9,,0
857,Navigation,15,346,"android.permission.ACCESS_WIFI_STATE
",1
858,Wallpaper,3,5,,0
859,System,4,15,,0
861,Security,3,46,,0
862,Reading,1,50,,0
865,Office,1,43,,0
866,System,2,47,,0
868,Office,7,87,"android.permission.READ_EXTERNAL_STORAGE
",1
869,Multimedia,3,280,,0
871,Office,1,15,,0
872,Internet,6,199,"android.permission.CAMERA
",1
874,Development,1,44,,0
875,System,1,6,,0
876,System,1,1,,0
877,Games,2,14,"android.permission.INTERNET
",1
878,Navigation,18,314,,0
879,Office,3,77,,0
880,System,1,739,"android.permission.READ_EXTERNAL_STORAGE
",1
881,Office,3,377,"android.permission.READ_EXTERNAL_STORAGE
",1
882,Science & Education,2,79,"android.permission.WRITE_EXTERNAL_STORAGE
",1
883,System,1,119,,0
884,Games,1,6,,0
885,Office,4,128,,0
886,Multimedia,20,267,"android.permission.ACCESS_NETWORK_STATE
",1
888,Reading,4,50,,0
889,Science & Education,1,58,,0
892,System,1,6,"android.permission.INTERNET
",1
893,Navigation,1,95,"android.permission.ACCESS_WIFI_STATE
",1
895,Office,2,48,"android.permission.READ_SYNC_SETTINGS
",1
898,Office,1,1,,0
899,Navigation,14,124,"android.permission.NFC
",1
900,Phone & SMS,1,289,"android.permission.READ_PHONE_STATE
",1
901,Internet,3,739,"android.permission.ACCESS_NETWORK_STATE
",1
902,Development,1,114,,0
904,Office,3,10,,0
906,System,2,19,,0
907,Reading,1,79,,0
908,"Games,Office",1,14,,0
909,Games,1,2,,0
910,Office,42,656,"android.permission.SYSTEM_ALERT_WINDOW
",1
911,Office,5,25,,0
913,Science & Education,2,6,,0
914,Games,75,2540,"android.permission.NFC
",1
915,Navigation,1,22,,0
916,Development,15,877,"android.permission.GET_ACCOUNTS
;android.permission.MANAGE_ACCOUNTS
;android.permission.READ_SYNC_SETTINGS
;android.permission.READ_SYNC_STATS
",4
917,Internet,8,304,,0
918,System,2,114,,0
919,Office,1,10,,0
920,Science & Education,6,91,,0
921,"Multimedia,Wallpaper",1,14,,0
922,Development,1,38,,0
924,Multimedia,2,59,"android.permission.INTERNET
;android.permission.ACCESS_NETWORK_STATE
",2
925,Office,3,9,,0
927,Internet,1,1551,,0
928,Multimedia,3,28,"android.permission.RECORD_AUDIO
",1
929,System,6,67,"android.permission.RECEIVE_MMS
",1
932,Multimedia,1,11,,0
933,Wallpaper,1,6,,0
935,Office,2,28,"android.permission.NFC
",1
936,System,3,180,,0
937,System,1,41,"android.permission.BROADCAST_STICKY
;android.permission.READ_PHONE_STATE
",2
938,Phone & SMS,1,76,,0
940,Games,4,416,"android.permission.INTERNET
;android.permission.CHANGE_WIFI_MULTICAST_STATE
;android.permission.BLUETOOTH
;android.permission.BLUETOOTH_ADMIN
",4
941,Internet,24,1766,"android.permission.RECEIVE_BOOT_COMPLETED
",1
942,Office,1,10,,0
946,Navigation,2,4,"android.permission.VIBRATE
",1
947,Science & Education,7,549,,0
948,Internet,16,546,,0
949,Science & Education,2,172,,0
950,System,7,357,,0
951,Multimedia,10,1513,"android.permission.RECORD_AUDIO
;android.permission.MODIFY_AUDIO_SETTINGS
;android.permission.READ_EXTERNAL_STORAGE
;android.permission.READ_SYNC_SETTINGS
",4
952,Office,5,290,"android.permission.SET_ALARM
",1
953,Science & Education,1,16,,0
955,System,1,60,,0
956,System,3,311,"android.permission.NFC
",1
958,System,2,2,,0
960,Games,192,65110,,0
961,Navigation,2,13,,0
962,System,2,23,,0
963,Office,4,129,"android.permission.WRITE_SETTINGS
",1
964,System,1,37,,0
965,Development,1,70,,0
966,Office,1,4,"android.permission.ACCESS_LOCATION
;android.permission.ACCESS_GPS
;android.permission.READ_PHONE_STATE
",3
967,Office,1,59,,0
968,Games,10,224,,0
971,Office,9,148,,0
973,Navigation,1,478,,0
974,Reading,26,3998,"android.permission.WRITE_MEDIA_STORAGE
",1
975,Games,1,2,,0
977,Development,5,576,"android.permission.READ_EXTERNAL_STORAGE
;android.permission.SYSTEM_ALERT_WINDOW
;android.permission.USE_CREDENTIALS
;android.permission.MANAGE_ACCOUNTS
;android.permission.READ_SYNC_SETTINGS
",5
978,Wallpaper,1,71,,0
982,System,8,174,"android.permission.GET_TASKS
;android.permission.DEVICE_POWER
;android.permission.RECEIVE_BOOT_COMPLETED
",3
983,"Security,Internet",10,555,"android.permission.ACCESS_SUPERUSER
;android.permission.KILL_BACKGROUND_PROCESSES
",2
984,System,1,9,,0
985,Internet,6,51,"android.permission.READ_SYNC_SETTINGS
",1
987,Reading,60,8613,,0
988,Navigation,3,91,,0
989,Internet,2,8,"android.permission.INTERNET
;android.permission.WRITE_EXTERNAL_STORAGE
",2
991,Phone & SMS,28,801,"android.permission.READ_CALL_LOG
;android.permission.WRITE_CALL_LOG
",2
993,Multimedia,7,723,"android.permission.WRITE_EXTERNAL_STORAGE
",1
994,Games,1,4,,0
995,Internet,8,93,,0
997,System,1,37,,0
998,Multimedia,5,200,,0
999,Office,2,28,,0
1001,Security,2,36,,0
1002,Office,1,20,"android.permission.CHANGE_WIFI_MULTICAST_STATE
",1
1004,Science & Education,1,3,,0
1005,Reading,13,159,,0
1006,System,7,67,,0
1007,System,22,563,,0
1009,System,7,192,"android.permission.MODIFY_PHONE_STATE
;android.permission.ACCESS_SUPERUSER
;android.permission.STOP_APP_SWITCHES
",3
1010,Navigation,1,5,"android.permission.CAMERA
",1
1011,System,1,13,"android.permission.INTERNET
",1
1012,Internet,4,108,,0
1013,Internet,3,143,"android.permission.CAMERA
",1
1014,Office,4,111,"android.permission.GET_ACCOUNTS
;android.permission.MANAGE_ACCOUNTS
;android.permission.INTERNET
;android.permission.WRITE_SETTINGS
;android.permission.WRITE_SECURE_SETTINGS
;android.permission.READ_SYNC_STATS
;android.permission.READ_SYNC_SETTINGS
",7
1015,Reading,1,13,,0
1016,System,2,10,,0
1017,Multimedia,3,27,,0
1018,Reading,1,4,,0
1020,Multimedia,1,12,,0
1021,System,2,4,"android.permission.READ_PHONE_STATE
",1
1022,Internet,25,732,,0
1024,Multimedia,2,111,"android.permission.READ_EXTERNAL_STORAGE
",1
1025,Games,1,34,"android.permission.WAKE_LOCK
",1
1026,Games,1,40,,0
1027,Wallpaper,2,98,,0
1028,System,3,17,"android.permission.FLASHLIGHT
",1
1030,Phone & SMS,60,2117,"android.permission.DISABLE_KEYGUARD
;android.permission.MANAGE_ACCOUNTS
;android.permission.READ_SYNC_SETTINGS
;android.permission.WRITE_SYNC_SETTINGS
",4
1031,Internet,2,63,"android.permission.INTERNET
",1
1032,System,1,53,"android.permission.CHANGE_CONFIGURATION
",1
1035,Multimedia,30,9993,,0
1036,Development,1,19,,0
1037,Navigation,3,71,,0
1038,Multimedia,3,27,,0
1039,Office,1,4,,0
1040,Wallpaper,1,16,,0
1041,Games,3,271,,0
1044,Development,1,216,,0
1046,Multimedia,2,55,,0
1048,System,1,27,,0
1049,Wallpaper,1,145,,0
1050,Office,1,106,,0
1052,System,1,5,,0
1054,Office,5,150,,0
1055,Games,2,23,,0
1056,Science & Education,7,258,"android.permission.ACCESS_NETWORK_STATE
",1
1057,System,1,1,,0
1058,Science & Education,3,3,"android.permission.ACCESS_SUPERUSER
;android.permission.WRITE_SETTINGS
",2
1059,Multimedia,1,7,"android.permission.WRITE_SETTINGS
;android.permission.WRITE_EXTERNAL_STORAGE
",2
1060,Games,10,753,,0
1061,Science & Education,1,52,,0
1062,Multimedia,2,49,"android.permission.INTERNET
;android.permission.READ_EXTERNAL_STORAGE
",2
1063,System,1,55,,0
1064,System,2,112,,0
1067,Navigation,15,1729,"android.permission.INTERNET
",1
1068,System,1,113,,0
1069,Games,1,10,,0
1070,Games,2,167,,0
1073,System,10,371,,0
1075,Multimedia,1,6,"android.permission.WAKE_LOCK
",1
1077,Wallpaper,1,249,"android.permission.READ_EXTERNAL_STORAGE
",1
1078,Office,1,30,"android.permission.READ_CALENDAR
",1
1079,Office,2,19,,0
1080,Games,5,123,,0
1081,"System,Office",120,5398,"android.permission.INTERNET
;android.permission.USE_CREDENTIALS
",2
1082,Games,1,101,,0
1083,Internet,47,1316,,0
1084,Office,2,81,"android.permission.READ_SYNC_SETTINGS
",1
1086,Navigation,1,3,,0
1087,Games,1,29,,0
1088,System,1,41,,0
1090,Phone & SMS,11,665,"android.permission.INTERNET
;android.permission.ACCESS_NETWORK_STATE
",2
1093,Office,2,28,"android.permission.ACCESS_SUPERUSER
",1
1094,Multimedia,6,209,"android.permission.RECORD_AUDIO
;android.permission.NFC
;android.permission.DISABLE_KEYGUARD
;android.permission.SYSTEM_ALERT_WINDOW
",4
1095,Office,1,35,,0
1096,Phone & SMS,2,16,"android.permission.READ_CALL_LOG
",1
1097,Navigation,6,249,"android.permission.ACCESS_LOCATION_EXTRA_COMMANDS
",1
1098,Office,1,7,,0
1099,Internet,6,239,,0
1100,Office,3,250,,0
1103,System,1,5,,0
1104,Office,31,638,,0
1106,Office,2,426,,0
1107,Games,6,40,,0
1108,System,3,110,,0
1109,Internet,13,371,"android.permission.READ_EXTERNAL_STORAGE
;android.permission.READ_SYNC_SETTINGS
;android.permission.READ_SYNC_STATS
",3
1110,Navigation,1,279,"android.permission.ACCESS_WIFI_STATE
",1
1112,Office,1,9,,0
1113,Office,2,10,"android.permission.READ_EXTERNAL_STORAGE
",1
1117,Office,1,1,"android.permission.READ_EXTERNAL_STORAGE
",1
1118,Internet,5,109,,0
1119,Internet,4,254,"android.permission.WRITE_EXTERNAL_STORAGE
",1
1120,System,111,7023,"android.permission.CALL_PHONE
;android.permission.VIBRATE
;android.permission.BIND_APPWIDGET
;android.permission.READ_EXTERNAL_STORAGE
",4
1121,Office,1,28,,0
1122,"Multimedia,Office",1,64,"android.permission.CAMERA
",1
1124,Wallpaper,1,18,,0
1125,Internet,3,51,"android.permission.ACCESS_MOCK_LOCATION
",1
1127,Internet,14,217,"android.permission.RECEIVE_BOOT_COMPLETED
;android.permission.READ_CALENDAR
;android.permission.WRITE_CALENDAR
",3
1130,Multimedia,2,2,,0
1131,System,4,196,"android.permission.READ_EXTERNAL_STORAGE
;android.permission.INTERNET
;android.permission.NFC
",3
1133,:Mathematics,1,79,,0
1134,Development,3,50,,0
1135,Office,1,4,,0
1137,Office,1,44,"android.permission.SET_ALARM
",1
1140,System,2,98,,0
1141,Office,1,92,,0
1142,"Multimedia,Wallpaper",1,5,"android.permission.INTERNET
",1
1143,Multimedia,6,877,"android.permission.READ_EXTERNAL_STORAGE
;android.permission.READ_SYNC_STATS
;android.permission.READ_SYNC_SETTINGS
;android.permission.USE_CREDENTIALS
",4
1144,Multimedia,1,14,,0
1145,Multimedia,1,17,"android.permission.READ_PHONE_STATE
",1
1146,Phone & SMS,1,14,"android.permission.INTERNET
",1
1147,Multimedia,1,19,,0
1148,Office,1,155,"android.permission.GET_ACCOUNTS
",1
1149,System,5,122,"android.permission.ACCESS_SUPERUSER
",1
1150,Multimedia,89,3584,,0
1151,Reading,15,1161,,0
1155,Multimedia,3,81,,0
1158,Internet,25,4257,"android.permission.CAMERA
",1
1159,Office,1,7,,0
1161,Multimedia,1,34,"android.permission.INTERNET
",1
1162,Multimedia,5,658,"android.permission.INTERNET
;android.permission.ACCESS_NETWORK_STATE
",2
1164,System,56,1204,"android.permission.CALL_PHONE
;android.permission.GET_TASKS
;android.permission.VIBRATE
",3
1165,Development,4,73,,0
1166,Navigation,1,13,"android.permission.READ_EXTERNAL_STORAGE
",1
1167,"Wallpaper,Multimedia",1,1,,0
1169,Multimedia,1,63,"android.permission.SYSTEM_ALERT_WINDOW
;android.permission.MODIFY_AUDIO_SETTINGS
;android.permission.INTERNET
;android.permission.BATTERY_STATS
",4
1170,Games,4,300,,0
1171,Multimedia,2,167,,0
1172,System,1,3,,0
1174,Science & Education,1,26,"android.permission.CAMERA
;android.permission.READ_EXTERNAL_STORAGE
;android.permission.ACCESS_WIFI_STATE
",3
1175,System,1,22,,0
1176,Office,1,4,,0
1177,Internet,2,542,,0
1178,Internet,44,1421,"android.permission.NFC
",1
1179,Multimedia,1,1,"android.permission.INTERNET
;android.permission.WRITE_EXTERNAL_STORAGE
",2
